{
	"info": {
		"_postman_id": "6472935f-75c1-45f4-a902-69e20996e30e",
		"name": "DAW - TIF - Versión 1.2",
		"schema": "https://schema.getpostman.com/json/collection/v2.1.0/collection.json",
		"_exporter_id": "43765408"
	},
	"item": [
		{
			"name": "POST - Crear Producto 1",
			"request": {
				"method": "POST",
				"header": [],
				"body": {
					"mode": "raw",
					"raw": "{\r\n  \"nombre\": \"Lámina de Seda\",\r\n  \"precio\": 3000,\r\n  \"stock\": 10,\r\n  \"descripcion\": \"Lámina de Seda 35 cm. x 50 cm.\"\r\n}",
					"options": {
						"raw": {
							"language": "json"
						}
					}
				},
				"url": {
					"raw": "http://localhost:8080/productos/crear",
					"protocol": "http",
					"host": [
						"localhost"
					],
					"port": "8080",
					"path": [
						"productos",
						"crear"
					]
				}
			},
			"response": []
		},
		{
			"name": "POST - Crear Producto 2",
			"request": {
				"method": "POST",
				"header": [],
				"body": {
					"mode": "raw",
					"raw": "{\r\n  \"nombre\": \"Figuras MDF\",\r\n  \"precio\": 1000,\r\n  \"stock\": 50,\r\n  \"descripcion\": \"Variedad de figuras en MDF.\"\r\n}",
					"options": {
						"raw": {
							"language": "json"
						}
					}
				},
				"url": {
					"raw": "http://localhost:8080/productos/crear",
					"protocol": "http",
					"host": [
						"localhost"
					],
					"port": "8080",
					"path": [
						"productos",
						"crear"
					]
				}
			},
			"response": []
		},
		{
			"name": "POST - Crear Producto 3",
			"request": {
				"method": "POST",
				"header": [],
				"body": {
					"mode": "raw",
					"raw": "{\r\n  \"nombre\": \"Pincel Angular\",\r\n  \"precio\": 5000,\r\n  \"stock\": 5,\r\n  \"descripcion\": \"Pincel Angular - Marca Q\"\r\n}",
					"options": {
						"raw": {
							"language": "json"
						}
					}
				},
				"url": {
					"raw": "http://localhost:8080/productos/crear",
					"protocol": "http",
					"host": [
						"localhost"
					],
					"port": "8080",
					"path": [
						"productos",
						"crear"
					]
				}
			},
			"response": []
		},
		{
			"name": "POST - Crear Producto 4 - Excepción Precio",
			"request": {
				"method": "POST",
				"header": [],
				"body": {
					"mode": "raw",
					"raw": "{\r\n  \"nombre\": \"Molduras\",\r\n  \"precio\": 0,\r\n  \"stock\": 100,\r\n  \"descripcion\": \"Molduras confeccionadas con porcelana fría.\"\r\n}",
					"options": {
						"raw": {
							"language": "json"
						}
					}
				},
				"url": {
					"raw": "http://localhost:8080/productos/crear",
					"protocol": "http",
					"host": [
						"localhost"
					],
					"port": "8080",
					"path": [
						"productos",
						"crear"
					]
				}
			},
			"response": []
		},
		{
			"name": "POST - Crear Producto 5 - Excepción Stock",
			"request": {
				"method": "POST",
				"header": [],
				"body": {
					"mode": "raw",
					"raw": "{\r\n  \"nombre\": \"Cajas MDF\",\r\n  \"precio\": 100,\r\n  \"stock\": -5,\r\n  \"descripcion\": \"Cajas rectangulares de MDF.\"\r\n}",
					"options": {
						"raw": {
							"language": "json"
						}
					}
				},
				"url": {
					"raw": "http://localhost:8080/productos/crear",
					"protocol": "http",
					"host": [
						"localhost"
					],
					"port": "8080",
					"path": [
						"productos",
						"crear"
					]
				}
			},
			"response": []
		},
		{
			"name": "GET - Lista de Productos",
			"request": {
				"method": "GET",
				"header": [],
				"url": {
					"raw": "http://localhost:8080/productos/traer",
					"protocol": "http",
					"host": [
						"localhost"
					],
					"port": "8080",
					"path": [
						"productos",
						"traer"
					]
				}
			},
			"response": []
		},
		{
			"name": "GET - Producto por ID",
			"request": {
				"method": "GET",
				"header": [],
				"url": {
					"raw": "http://localhost:8080/productos/traer/1",
					"protocol": "http",
					"host": [
						"localhost"
					],
					"port": "8080",
					"path": [
						"productos",
						"traer",
						"1"
					]
				}
			},
			"response": []
		},
		{
			"name": "DELETE - Eliminar Producto 2",
			"request": {
				"method": "DELETE",
				"header": [],
				"url": {
					"raw": "http://localhost:8080/productos/borrar/2",
					"protocol": "http",
					"host": [
						"localhost"
					],
					"port": "8080",
					"path": [
						"productos",
						"borrar",
						"2"
					]
				}
			},
			"response": []
		},
		{
			"name": "PUT - Editar Producto 3",
			"request": {
				"method": "PUT",
				"header": [],
				"body": {
					"mode": "raw",
					"raw": "{\r\n  \"nombre\": \"Pincel Angular N°5\",\r\n  \"precio\": 5000,\r\n  \"stock\": 35,\r\n  \"descripcion\": \"Pincel Angular - Marca Q\"\r\n}",
					"options": {
						"raw": {
							"language": "json"
						}
					}
				},
				"url": {
					"raw": "http://localhost:8080/productos/editar/3",
					"protocol": "http",
					"host": [
						"localhost"
					],
					"port": "8080",
					"path": [
						"productos",
						"editar",
						"3"
					]
				}
			},
			"response": []
		}
	]
}